{"month":12,"avg_sentiment":0.05476214975230582}
{"avg_sentiment":0.0034844170486457654}
{"month":1,"avg_sentiment":0.05660881907665383}
{"month":11,"avg_sentiment":0.05716056493203916}
{"month":2,"avg_sentiment":0.054604704933189495}
